competitor_name,count
Jordynne Grace,1
Damon Kemp,1
Wheeler Yuta,1
Kofi Kingston,1
Tony D'Angelo,1
Braun Strowman,1
Bron Breakker,1
Shayna Bazler,1
Rezar,1
Sol Ruca,1
Astro Boy Magnus,1
Akam,1
Bianca Belair,1
Jon Moxley,1
Volador Jr.,1
Claudio Castagnoli,1
Orange Cassidy,1
Ludwig Kaiser,1
Kiana James,1
Rugido (La Parka Negra III),1
Jazmyn Nyx,1
Thea Hail,1
Fallon Henley,1
Brian Cage,1
Jay Lethal,1
Kelani Jordan,1
Mariah May,1
Bryan Danielson,1
Jade Cargill,1
Stevie Turner,1
Roderick Strong,1
Rey Mysterio,1
Damian Priest,1
Carlito,1
Natalya,1
Mark Briscoe,1
Zoey Stark,1
Sheamus,1
Kyle O'Reilly,1
Ricochet,1
Finn Balor,1
Lash Legend,1
Mia Yim,1
Saraya (Paige),1
Xavier Woods,1
Izzi Dame,1
Jaida Parker,1
Esfinge (Halcón Furia Jr.),1
Swerve Strickland,1
Dragon Lee,1
Rey Fenix,1
